Workbook
Name AVERAGE: Sheet2!A1:K86
Name Data: Sheet2!A1:K86

Sheet Sheet1
A1: date | B1: bank_credit (cr) | C1: bank_credit_growth_YoY | D1: personal_loans_(cr) | E1: personal_loans_growth_YoY(%) | F1: UPI_volume_core | G1: repo_rate(%) | H1: CRR | I1: DLG_policy dummy(self) | J1: covid_dummy(self) | K1: volatality_12m(S.D)
A2: 43466 | D2: 20996.99 | G2: 6.25 | H2: 4 | I2: 0 | J2: 0
A3: 43497 | D3: 21370.634 | G3: 6.25 | H3: 4 | I3: 0 | J3: 0
A4: 43525 | B4: 9632516 | D4: 21632.98 | G4: 6.25 | H4: 4 | I4: 0 | J4: 0
A5: 43556 | B5: 9724811 | D5: 22207 | G5: 6 | H5: 4 | I5: 0 | J5: 0
A6: 43586 | B6: 9801448 | D6: 22228 | G6: 6 | H6: 4 | I6: 0 | J6: 0
A7: 43617 | B7: 9870260 | D7: 22414 | G7: 5.75 | H7: 4 | I7: 0 | J7: 0 | M7: ROUGH
A8: 43647 | B8: 9943632 | D8: 22538 | G8: 5.75 | H8: 4 | I8: 0 | J8: 0 | M8: current | N8: previous | O8: %
A9: 43678 | B9: 10018556 | D9: 22755.4 | G9: 5.4 | H9: 4 | I9: 0 | J9: 0 | M9: 57948.66 | N9: 51754.23 | O9: =(M9/N9-1)*100 -> 11.968935
A10: 43709 | B10: 10079854 | D10: =2303930/100 -> 23039.3 | G10: 5.4 | H10: 4 | I10: 0 | J10: 0 | M10: 58315.47 | N10: 52179.44 | O10: =(M10/N10-1)*100 -> 11.759478
A11: 43739 | B11: 10127861 | D11: =2355785/100 -> 23557.85 | G11: 5.15 | H11: 4 | I11: 0 | J11: 0 | M11: 58789.18 | N11: 52677.84 | O11: =(M11/N11-1)*100 -> 11.601349
A12: 43770 | B12: 10190096 | D12: =2389684/100 -> 23896.84 | F12: 124.68 | G12: 5.15 | H12: 4 | I12: 0 | J12: 0 | M12: 59522.99 | N12: 53361.29 | O12: =(M12/N12-1)*100 -> 11.547135
A13: 43800 | B13: 10264633 | D13: =2404701/100 -> 24047.01 | F13: 132.56 | G13: 5.15 | H13: 4 | I13: 0 | J13: 0 | M13: 59808.93 | N13: 53628.59 | O13: =(M13/N13-1)*100 -> 11.524338
A14: 43831 | B14: 10341940 | D14: =2433282/100 -> 24332.82 | F14: 130.5 | G14: 5.15 | H14: 4 | I14: 0 | J14: 0 | M14: 60619.87 | N14: 54566.33 | O14: =(M14/N14-1)*100 -> 11.093911
A15: 43862 | B15: 10428357 | D15: =2497250/100 -> 24972.5 | F15: 130.84 | G15: 5.15 | H15: 4 | I15: 0 | J15: 0 | M15: 61502.95 | N15: 54861.07 | O15: =(M15/N15-1)*100 -> 12.106727
A16: 43891 | B16: 10512492 | C16: =(B16/B4-1)*100 -> 9.1354741 | D16: 25320.51 | E16: =(D16/D4-1)*100 -> 17.045872 | F16: 121.88 | G16: 4.4 | H16: 3 | I16: 0 | J16: 1 | M16: 61610.47 | N16: 55298.15 | O16: =(M16/N16-1)*100 -> 11.415066
A17: 43922 | B17: 10569180 | C17: =(B17/B5-1)*100 -> 8.6826263 | D17: 25536.52 | E17: 14.99311 | F17: 99.96 | G17: 4.4 | H17: 3 | I17: 0 | J17: 1 | M17: 62133.732 | N17: 55554.84 | O17: =(M17/N17-1)*100 -> 11.842158
A18: 43952 | B18: 10629455 | C18: =(B18/B6-1)*100 -> 8.4478028 | D18: 24907.91 | E18: 12.05646 | F18: 124.45 | G18: 4 | H18: 3 | I18: 0 | J18: 1 | M18: 62542.74 | N18: 55967.19 | O18: =(M18/N18-1)*100 -> 11.748937
A19: 43983 | B19: 10681736 | C19: =(B19/B7-1)*100 -> 8.2214248 | D19: 24788.63 | E19: 10.594405 | F19: 133.69 | G19: 4 | H19: 3 | I19: 0 | J19: 0 | M19: 64559.46 | N19: 56474.76 | O19: =(M19/N19-1)*100 -> 14.315599
A20: 44013 | B20: 10739845 | C20: =(B20/B8-1)*100 -> 8.0072654 | D20: 24903.81 | E20: 10.496983 | F20: 149.74 | G20: 4 | H20: 3 | I20: 0 | J20: 0 | M20: 64864.18 | N20: 57348.56 | O20: =(M20/N20-1)*100 -> 13.105159
A21: 44044 | B21: 10793189 | C21: =(B21/B9-1)*100 -> 7.7319825 | D21: 25312.34 | E21: 11.23663 | F21: 161.88 | G21: 4 | H21: 3 | I21: 0 | J21: 0 | M21: 66482.5 | N21: 57948.66 | O21: =(M21/N21-1)*100 -> 14.726553
A22: 44075 | B22: 10803825 | C22: =(B22/B10-1)*100 -> 7.182356 | D22: 25481.13 | E22: 10.598542 | F22: 180.02 | G22: 4 | H22: 3 | I22: 0 | J22: 0
A23: 44105 | B23: 10909055 | C23: =(B23/B11-1)*100 -> 7.7133168 | D23: 25717.12 | E23: 9.1658195 | F23: 207.16 | G23: 4 | H23: 3 | I23: 0 | J23: 0
A24: 44136 | B24: 11119885 | C24: =(B24/B12-1)*100 -> 9.1244381 | D24: 26114.92 | E24: 9.2818967 | F24: 221.02 | G24: 4 | H24: 3 | I24: 0 | J24: 0
A25: 44166 | B25: 11150000 | C25: =(B25/B13-1)*100 -> 8.6254131 | D25: 26445.99 | E25: 9.9762091 | F25: 223.42 | G25: 4 | H25: 3 | I25: 0 | J25: 0
A26: 44197 | B26: 11179417 | C26: =(B26/B14-1)*100 -> 8.0978714 | D26: 26634.39 | E26: 9.4587064 | F26: 229.29 | G26: 4 | H26: 3 | I26: 0 | J26: 0
A27: 44228 | B27: 11248719 | C27: =(B27/B15-1)*100 -> 7.8666467 | D27: 27244.15 | E27: 9.0966063 | F27: 230.27 | G27: 4 | H27: 3 | I27: 0 | J27: 0 | K27: =_xlfn.STDEV.S(C16:C27) -> 0.59082242
A28: 44256 | B28: 11476283 | C28: =(B28/B16-1)*100 -> 9.1680545 | D28: 27739.26 | E28: 9.5525327 | F28: 273.17 | G28: 4 | H28: 3 | I28: 0 | J28: 0 | K28: =_xlfn.STDEV.S(C17:C28) -> 0.59538689
A29: 44287 | B29: 11574375 | C29: =(B29/B17-1)*100 -> 9.5106243 | D29: 28135.13 | E29: 10.176054 | F29: 264.11 | G29: 4 | H29: 3.5 | I29: 0 | J29: 0 | K29: =_xlfn.STDEV.S(C18:C29) -> 0.69165598
A30: 44317 | B30: 11714619 | C30: =(B30/B18-1)*100 -> 10.209028 | D30: 28104.19 | E30: 12.832389 | F30: 252.92 | G30: 4 | H30: 3.5 | I30: 0 | J30: 0 | K30: =_xlfn.STDEV.S(C19:C30) -> 0.88409097
A31: 44348 | B31: 11815112 | C31: =(B31/B19-1)*100 -> 10.61041 | D31: 27872.651 | E31: 12.441272 | F31: 280.75 | G31: 4 | H31: 3.5 | I31: 0 | J31: 0 | K31: =_xlfn.STDEV.S(C20:C31) -> 1.0750918
A32: 44378 | B32: 11884244 | C32: =(B32/B20-1)*100 -> 10.655638 | D32: 27865.191 | E32: 11.891277 | F32: 324.55 | G32: 4 | H32: 3.5 | I32: 0 | J32: 0 | K32: =_xlfn.STDEV.S(C21:C32) -> 1.1953739
A33: 44409 | B33: 11865401 | C33: =(B33/B21-1)*100 -> 9.9341538 | D33: 28587.41 | E33: 12.93863 | F33: 355.55 | G33: 4 | H33: 3.5 | I33: 0 | J33: 0 | K33: =_xlfn.STDEV.S(C22:C33) -> 1.1728304
A34: 44440 | B34: 11969886 | C34: =(B34/B22-1)*100 -> 10.793039 | D34: 28939.13 | E34: 13.570827 | F34: 365.58 | G34: 4 | H34: 3.5 | I34: 0 | J34: 0 | K34: =_xlfn.STDEV.S(C23:C34) -> 1.1092819
A35: 44470 | B35: 12251033 | C35: =(B35/B23-1)*100 -> 12.301505 | D35: 29185.38 | E35: 13.486191 | F35: 421.84 | G35: 4 | H35: 3.5 | I35: 0 | J35: 0 | K35: =_xlfn.STDEV.S(C24:C35) -> 1.2696048
A36: 44501 | B36: 12433606 | C36: =(B36/B24-1)*100 -> 11.81416 | D36: 29555.99 | E36: 13.176644 | F36: 418.65 | G36: 4 | H36: 3.5 | I36: 0 | J36: 0 | K36: =_xlfn.STDEV.S(C25:C36) -> 1.3831341
A37: 44531 | B37: 12609666 | C37: =(B37/B25-1)*100 -> 13.091175 | D37: 29854.3 | E37: 12.887814 | F37: 456.63 | G37: 4 | H37: 3.5 | I37: 0 | J37: 0 | K37: =_xlfn.STDEV.S(C26:C37) -> 1.5769748
A38: 44562 | B38: 12747773 | C38: =(B38/B26-1)*100 -> 14.028961 | D38: 30878.45 | E38: 15.934512 | F38: 461.72 | G38: 4 | H38: 3.5 | I38: 0 | J38: 0 | K38: =_xlfn.STDEV.S(C27:C38) -> 1.7329042
... A86: 46023 | B86: 22382188 | C86: =(B86/B74-1)*100 -> 12.548312 | D86: 66482.5 | E86: 14.726553 | F86: 2170.34 | G86: 5.25 | H86: 3 | I86: 1 | J86: 0 | K86: =_xlfn.STDEV.S(C75:C86) -> 1.3589082

Sheet Sheet2
D1: DATA ANALYSIS SUMMARY - INDIA BANK CREDIT(2019-2026)
E2: Analysis Period: April 2020 to january 2026
A4: SUMMARY_STATISTICS | D4: PRE vs POST DLG Policy Comparison(rows 17-28) | K4: COVID-19 RESILIENCE ANALYSIS | N4: CORRELATION ANALYSIS | Q4: PRE VS POST COMPARISON | V4: average | W4: volatality
A5: AVERAGE | B5: =AVERAGE(Sheet1!C16:C86) -> 13.188782 | D5: PRE-DLG(BEFORE JUNE 2023) | G5: POST-DLG(FROM JUNE 2023) | I5: CHANGE | N5: CORRELATION PAIRS | O5: CORRELATION VALUES | R5: AVERAGE | S5: VOLATALITY | U5: pre-DLG | V5: 12.629328 | W5: 4.245837
A6: STANDARD-DEVIATION | B6: =_xlfn.STDEV.S(Sheet1!C16:C86) -> 4.2235666 | D6: AVERAGE- | E6: =AVERAGE(Sheet1!C16:C53) -> 12.629328 | G6: AVERAGE- | H6: =AVERAGE(Sheet1!C54:C86) -> 13.833002 | I6: =H6-E6 -> 1.2036745 | K6: PRE_COVID(FEB 2020) | L6: =Sheet1!C15 -> 0 | N6: UPI volumes vs personel loans growth | O6: =CORREL(Sheet1!E16:E86,Sheet1!F16:F86) -> 0.14900497 | Q6: PRE PERIOD(2019-2020) | R6: =AVERAGE(Sheet1!C2:C25) -> 8.28721 | S6: =_xlfn.STDEV.S(Sheet1!C2:C25) -> 0.63753503 | U6: Post DLG | V6: 13.833002 | W6: 4.1687188
A7: Max_credit_growth | B7: =MAX(Sheet1!C16:C86) -> 19.584468 | D7: VOLATALITY- | E7: =_xlfn.STDEV.S(Sheet1!C16:C53) -> 4.245837 | G7: VOLATALITY- | H7: =_xlfn.STDEV.S(Sheet1!C54:C86) -> 4.1687188 | I7: =H7-E7 -> -0.07711824 | K7: Lowest during COVID(May 2020) | L7: =MIN(Sheet1!C16:C21) -> 7.7319825 | N7: UPI volumes vs Bank Credit Growth | O7: =CORREL(Sheet1!C16:C86,Sheet1!F16:F86) -> 0.08250756 | Q7: POST PERIOD(2021-2026) | R7: =AVERAGE(Sheet1!C26:C86) -> 13.992319 | S7: =_xlfn.STDEV.S(Sheet1!C26:C86) -> 4.01123
A8: MIN_CREDIT_GROWTH | B8: =MIN(Sheet1!C16:C86) -> 6.9915219 | D8: AVERAGE UPI VOLUME | E8: =AVERAGE(Sheet1!F13:F53) -> 404.95683 | G8: AVERAGE UPI VOLUME | H8: =AVERAGE(Sheet1!F54:F86) -> 1535.4955 | I8: =H8-E8 -> 1130.5386 | K8: DRAWDOWN | L8: =(Sheet1!C17 - Sheet1!C15) -> 8.6826263 | N8: Repo Rate vs Bank Credit growth | O8: =CORREL(Sheet1!C16:C86,Sheet1!G16:G86) -> 0.59386469
A9: AVERAGE_VOLATALITY | B9: =AVERAGE(Sheet1!K27:K86) -> 1.559294 | K9: RECOVERY TO 9%+ GROWTH | L9: =Sheet1!C23 -> 7.7133168
A10: AVERAGE_UPI_VOLUME | B10: =AVERAGE(Sheet1!F13:F86) -> 909.11595 | K10: RECOVERY TIME | L10: 2 MONTHS[September 2020 to November 2020]
A11: AVERAGE_REPO_RATE | B11: =AVERAGE(Sheet1!G2:G86) -> 5.4005882
A12: AVERAGE_CRR(full-period) | B12: =AVERAGE(Sheet1!H2:H86) -> 3.9470588
A14: UPI data from November 2019; YoY growth from April 2020
